[
    {
        "date":"2021-12-01T00:00:00-07:00",
        "temperaturecelsius":-1,
        "feelslike":-3,
        "description":"rain and snow",
        "pressure":998,
        "humidity":93
    },
    {
        "date":"2021-12-02T00:00:00-07:00",
        "temperaturecelsius":2,
        "feelslike":0,
        "description":"scattered clouds",
        "pressure":1005,
        "humidity":84
    },
    {
        "date":"2021-12-03T00:00:00-07:00",
        "temperaturecelsius":0,
        "feelslike":-1,
        "description":"clear sky",
        "pressure":1012,
        "humidity":75
    },
    {
        "date":"2021-12-04T00:00:00-07:00",
        "temperaturecelsius":-1,
        "feelslike":-4,
        "description":"rain and snow",
        "pressure":999,
        "humidity":93
    }
]