<?xml version="1.0" standalone="yes"?>
<SalesOrderHeaders>
  <SalesOrderHeader>
    <SalesOrderID>71774</SalesOrderID>
    <OrderDate>2004-06-01T00:00:00-05:00</OrderDate>
    <CustomerID>609</CustomerID>
    <TotalDue>972.7850</TotalDue>
  </SalesOrderHeader>
  <SalesOrderHeader>
    <SalesOrderID>71776</SalesOrderID>
    <OrderDate>2004-06-01T00:00:00-05:00</OrderDate>
    <CustomerID>106</CustomerID>
    <TotalDue>87.0851</TotalDue>
  </SalesOrderHeader>
  <SalesOrderHeader>
    <SalesOrderID>71780</SalesOrderID>
    <OrderDate>2004-06-01T00:00:00-05:00</OrderDate>
    <CustomerID>340</CustomerID>
    <TotalDue>42452.6519</TotalDue>
  </SalesOrderHeader>
  <SalesOrderHeader>
    <SalesOrderID>71782</SalesOrderID>
    <OrderDate>2004-06-01T00:00:00-05:00</OrderDate>
    <CustomerID>582</CustomerID>
    <TotalDue>43962.7901</TotalDue>
  </SalesOrderHeader>
  <SalesOrderHeader>
    <SalesOrderID>71783</SalesOrderID>
    <OrderDate>2004-06-01T00:00:00-05:00</OrderDate>
    <CustomerID>24</CustomerID>
    <TotalDue>92663.5609</TotalDue>
  </SalesOrderHeader>
  <SalesOrderHeader>
    <SalesOrderID>71784</SalesOrderID>
    <OrderDate>2004-06-01T00:00:00-05:00</OrderDate>
    <CustomerID>448</CustomerID>
    <TotalDue>119960.8240</TotalDue>
  </SalesOrderHeader>
  <SalesOrderHeader>
    <SalesOrderID>71796</SalesOrderID>
    <OrderDate>2004-06-01T00:00:00-05:00</OrderDate>
    <CustomerID>420</CustomerID>
    <TotalDue>63686.2708</TotalDue>
  </SalesOrderHeader>
  <SalesOrderHeader>
    <SalesOrderID>71797</SalesOrderID>
    <OrderDate>2004-06-01T00:00:00-05:00</OrderDate>
    <CustomerID>142</CustomerID>
    <TotalDue>86222.8072</TotalDue>
  </SalesOrderHeader>
  <SalesOrderHeader>
    <SalesOrderID>71815</SalesOrderID>
    <OrderDate>2004-06-01T00:00:00-05:00</OrderDate>
    <CustomerID>276</CustomerID>
    <TotalDue>1261.4440</TotalDue>
  </SalesOrderHeader>
  <SalesOrderHeader>
    <SalesOrderID>71816</SalesOrderID>
    <OrderDate>2004-06-01T00:00:00-05:00</OrderDate>
    <CustomerID>295</CustomerID>
    <TotalDue>3754.9733</TotalDue>
  </SalesOrderHeader>
  <SalesOrderHeader>
    <SalesOrderID>71831</SalesOrderID>
    <OrderDate>2004-06-01T00:00:00-05:00</OrderDate>
    <CustomerID>322</CustomerID>
    <TotalDue>2228.0566</TotalDue>
  </SalesOrderHeader>
  <SalesOrderHeader>
    <SalesOrderID>71832</SalesOrderID>
    <OrderDate>2004-06-01T00:00:00-05:00</OrderDate>
    <CustomerID>88</CustomerID>
    <TotalDue>39531.6085</TotalDue>
  </SalesOrderHeader>
  <SalesOrderHeader>
    <SalesOrderID>71845</SalesOrderID>
    <OrderDate>2004-06-01T00:00:00-05:00</OrderDate>
    <CustomerID>187</CustomerID>
    <TotalDue>45992.3665</TotalDue>
  </SalesOrderHeader>
  <SalesOrderHeader>
    <SalesOrderID>71846</SalesOrderID>
    <OrderDate>2004-06-01T00:00:00-05:00</OrderDate>
    <CustomerID>635</CustomerID>
    <TotalDue>2711.4098</TotalDue>
  </SalesOrderHeader>
  <SalesOrderHeader>
    <SalesOrderID>71856</SalesOrderID>
    <OrderDate>2004-06-01T00:00:00-05:00</OrderDate>
    <CustomerID>601</CustomerID>
    <TotalDue>665.4251</TotalDue>
  </SalesOrderHeader>
  <SalesOrderHeader>
    <SalesOrderID>71858</SalesOrderID>
    <OrderDate>2004-06-01T00:00:00-05:00</OrderDate>
    <CustomerID>186</CustomerID>
    <TotalDue>15275.1977</TotalDue>
  </SalesOrderHeader>
  <SalesOrderHeader>
    <SalesOrderID>71863</SalesOrderID>
    <OrderDate>2004-06-01T00:00:00-05:00</OrderDate>
    <CustomerID>649</CustomerID>
    <TotalDue>3673.3249</TotalDue>
  </SalesOrderHeader>
  <SalesOrderHeader>
    <SalesOrderID>71867</SalesOrderID>
    <OrderDate>2004-06-01T00:00:00-05:00</OrderDate>
    <CustomerID>160</CustomerID>
    <TotalDue>1170.5376</TotalDue>
  </SalesOrderHeader>
  <SalesOrderHeader>
    <SalesOrderID>71885</SalesOrderID>
    <OrderDate>2004-06-01T00:00:00-05:00</OrderDate>
    <CustomerID>268</CustomerID>
    <TotalDue>608.1766</TotalDue>
  </SalesOrderHeader>
  <SalesOrderHeader>
    <SalesOrderID>71895</SalesOrderID>
    <OrderDate>2004-06-01T00:00:00-05:00</OrderDate>
    <CustomerID>151</CustomerID>
    <TotalDue>272.6468</TotalDue>
  </SalesOrderHeader>
  <SalesOrderHeader>
    <SalesOrderID>71897</SalesOrderID>
    <OrderDate>2004-06-01T00:00:00-05:00</OrderDate>
    <CustomerID>223</CustomerID>
    <TotalDue>14017.9083</TotalDue>
  </SalesOrderHeader>
  <SalesOrderHeader>
    <SalesOrderID>71898</SalesOrderID>
    <OrderDate>2004-06-01T00:00:00-05:00</OrderDate>
    <CustomerID>52</CustomerID>
    <TotalDue>70698.9922</TotalDue>
  </SalesOrderHeader>
  <SalesOrderHeader>
    <SalesOrderID>71899</SalesOrderID>
    <OrderDate>2004-06-01T00:00:00-05:00</OrderDate>
    <CustomerID>25</CustomerID>
    <TotalDue>2669.3183</TotalDue>
  </SalesOrderHeader>
  <SalesOrderHeader>
    <SalesOrderID>71902</SalesOrderID>
    <OrderDate>2004-06-01T00:00:00-05:00</OrderDate>
    <CustomerID>61</CustomerID>
    <TotalDue>81834.9826</TotalDue>
  </SalesOrderHeader>
  <SalesOrderHeader>
    <SalesOrderID>71915</SalesOrderID>
    <OrderDate>2004-06-01T00:00:00-05:00</OrderDate>
    <CustomerID>6</CustomerID>
    <TotalDue>2361.6403</TotalDue>
  </SalesOrderHeader>
  <SalesOrderHeader>
    <SalesOrderID>71917</SalesOrderID>
    <OrderDate>2004-06-01T00:00:00-05:00</OrderDate>
    <CustomerID>304</CustomerID>
    <TotalDue>45.1995</TotalDue>
  </SalesOrderHeader>
  <SalesOrderHeader>
    <SalesOrderID>71920</SalesOrderID>
    <OrderDate>2004-06-01T00:00:00-05:00</OrderDate>
    <CustomerID>674</CustomerID>
    <TotalDue>3293.7761</TotalDue>
  </SalesOrderHeader>
  <SalesOrderHeader>
    <SalesOrderID>71923</SalesOrderID>
    <OrderDate>2004-06-01T00:00:00-05:00</OrderDate>
    <CustomerID>277</CustomerID>
    <TotalDue>117.7276</TotalDue>
  </SalesOrderHeader>
  <SalesOrderHeader>
    <SalesOrderID>71935</SalesOrderID>
    <OrderDate>2004-06-01T00:00:00-05:00</OrderDate>
    <CustomerID>438</CustomerID>
    <TotalDue>7330.8972</TotalDue>
  </SalesOrderHeader>
  <SalesOrderHeader>
    <SalesOrderID>71936</SalesOrderID>
    <OrderDate>2004-06-01T00:00:00-05:00</OrderDate>
    <CustomerID>502</CustomerID>
    <TotalDue>108597.9536</TotalDue>
  </SalesOrderHeader>
  <SalesOrderHeader>
    <SalesOrderID>71938</SalesOrderID>
    <OrderDate>2004-06-01T00:00:00-05:00</OrderDate>
    <CustomerID>16</CustomerID>
    <TotalDue>98138.2131</TotalDue>
  </SalesOrderHeader>
  <SalesOrderHeader>
    <SalesOrderID>71946</SalesOrderID>
    <OrderDate>2004-06-01T00:00:00-05:00</OrderDate>
    <CustomerID>466</CustomerID>
    <TotalDue>43.0437</TotalDue>
  </SalesOrderHeader>
</SalesOrderHeaders>