<?xml version="1.0" standalone="yes"?>
<SalesOrderDetails>
  <SalesOrderDetail>
    <SalesOrderID>71774</SalesOrderID>
    <SalesOrderDetailID>110562</SalesOrderDetailID>
    <OrderQty>1</OrderQty>
    <ProductID>836</ProductID>
    <UnitPrice>356.8980</UnitPrice>
    <LineTotal>356.898000</LineTotal>
  </SalesOrderDetail>
  <SalesOrderDetail>
    <SalesOrderID>71774</SalesOrderID>
    <SalesOrderDetailID>110563</SalesOrderDetailID>
    <OrderQty>1</OrderQty>
    <ProductID>822</ProductID>
    <UnitPrice>356.8980</UnitPrice>
    <LineTotal>356.898000</LineTotal>
  </SalesOrderDetail>
  <SalesOrderDetail>
    <SalesOrderID>71776</SalesOrderID>
    <SalesOrderDetailID>110567</SalesOrderDetailID>
    <OrderQty>1</OrderQty>
    <ProductID>907</ProductID>
    <UnitPrice>63.9000</UnitPrice>
    <LineTotal>63.900000</LineTotal>
  </SalesOrderDetail>
  <SalesOrderDetail>
    <SalesOrderID>71780</SalesOrderID>
    <SalesOrderDetailID>110616</SalesOrderDetailID>
    <OrderQty>4</OrderQty>
    <ProductID>905</ProductID>
    <UnitPrice>218.4540</UnitPrice>
    <LineTotal>873.816000</LineTotal>
  </SalesOrderDetail>
  <SalesOrderDetail>
    <SalesOrderID>71780</SalesOrderID>
    <SalesOrderDetailID>110617</SalesOrderDetailID>
    <OrderQty>2</OrderQty>
    <ProductID>983</ProductID>
    <UnitPrice>461.6940</UnitPrice>
    <LineTotal>923.388000</LineTotal>
  </SalesOrderDetail>
  <SalesOrderDetail>
    <SalesOrderID>71780</SalesOrderID>
    <SalesOrderDetailID>110618</SalesOrderDetailID>
    <OrderQty>6</OrderQty>
    <ProductID>988</ProductID>
    <UnitPrice>112.9980</UnitPrice>
    <LineTotal>406.792800</LineTotal>
  </SalesOrderDetail>
  <SalesOrderDetail>
    <SalesOrderID>71780</SalesOrderID>
    <SalesOrderDetailID>110619</SalesOrderDetailID>
    <OrderQty>2</OrderQty>
    <ProductID>748</ProductID>
    <UnitPrice>818.7000</UnitPrice>
    <LineTotal>1637.400000</LineTotal>
  </SalesOrderDetail>
  <SalesOrderDetail>
    <SalesOrderID>71780</SalesOrderID>
    <SalesOrderDetailID>110620</SalesOrderDetailID>
    <OrderQty>1</OrderQty>
    <ProductID>990</ProductID>
    <UnitPrice>323.9940</UnitPrice>
    <LineTotal>323.994000</LineTotal>
  </SalesOrderDetail>
  <SalesOrderDetail>
    <SalesOrderID>71780</SalesOrderID>
    <SalesOrderDetailID>110621</SalesOrderDetailID>
    <OrderQty>1</OrderQty>
    <ProductID>926</ProductID>
    <UnitPrice>149.8740</UnitPrice>
    <LineTotal>149.874000</LineTotal>
  </SalesOrderDetail>
  <SalesOrderDetail>
    <SalesOrderID>71780</SalesOrderID>
    <SalesOrderDetailID>110622</SalesOrderDetailID>
    <OrderQty>1</OrderQty>
    <ProductID>743</ProductID>
    <UnitPrice>809.7600</UnitPrice>
    <LineTotal>809.760000</LineTotal>
  </SalesOrderDetail>
  <SalesOrderDetail>
    <SalesOrderID>71780</SalesOrderID>
    <SalesOrderDetailID>110623</SalesOrderDetailID>
    <OrderQty>4</OrderQty>
    <ProductID>782</ProductID>
    <UnitPrice>1376.9940</UnitPrice>
    <LineTotal>5507.976000</LineTotal>
  </SalesOrderDetail>
  <SalesOrderDetail>
    <SalesOrderID>71780</SalesOrderID>
    <SalesOrderDetailID>110624</SalesOrderDetailID>
    <OrderQty>2</OrderQty>
    <ProductID>918</ProductID>
    <UnitPrice>158.4300</UnitPrice>
    <LineTotal>316.860000</LineTotal>
  </SalesOrderDetail>
  <SalesOrderDetail>
    <SalesOrderID>71780</SalesOrderID>
    <SalesOrderDetailID>110625</SalesOrderDetailID>
    <OrderQty>4</OrderQty>
    <ProductID>780</ProductID>
    <UnitPrice>1391.9940</UnitPrice>
    <LineTotal>5567.976000</LineTotal>
  </SalesOrderDetail>
  <SalesOrderDetail>
    <SalesOrderID>71780</SalesOrderID>
    <SalesOrderDetailID>110626</SalesOrderDetailID>
    <OrderQty>1</OrderQty>
    <ProductID>937</ProductID>
    <UnitPrice>48.5940</UnitPrice>
    <LineTotal>48.594000</LineTotal>
  </SalesOrderDetail>
  <SalesOrderDetail>
    <SalesOrderID>71780</SalesOrderID>
    <SalesOrderDetailID>110627</SalesOrderDetailID>
    <OrderQty>6</OrderQty>
    <ProductID>867</ProductID>
    <UnitPrice>41.9940</UnitPrice>
    <LineTotal>251.964000</LineTotal>
  </SalesOrderDetail>
  <SalesOrderDetail>
    <SalesOrderID>71780</SalesOrderID>
    <SalesOrderDetailID>110628</SalesOrderDetailID>
    <OrderQty>1</OrderQty>
    <ProductID>985</ProductID>
    <UnitPrice>112.9980</UnitPrice>
    <LineTotal>67.798800</LineTotal>
  </SalesOrderDetail>
  <SalesOrderDetail>
    <SalesOrderID>71780</SalesOrderID>
    <SalesOrderDetailID>110629</SalesOrderDetailID>
    <OrderQty>2</OrderQty>
    <ProductID>989</ProductID>
    <UnitPrice>323.9940</UnitPrice>
    <LineTotal>647.988000</LineTotal>
  </SalesOrderDetail>
  <SalesOrderDetail>
    <SalesOrderID>71780</SalesOrderID>
    <SalesOrderDetailID>110630</SalesOrderDetailID>
    <OrderQty>3</OrderQty>
    <ProductID>991</ProductID>
    <UnitPrice>323.9940</UnitPrice>
    <LineTotal>971.982000</LineTotal>
  </SalesOrderDetail>
  <SalesOrderDetail>
    <SalesOrderID>71780</SalesOrderID>
    <SalesOrderDetailID>110631</SalesOrderDetailID>
    <OrderQty>1</OrderQty>
    <ProductID>992</ProductID>
    <UnitPrice>323.9940</UnitPrice>
    <LineTotal>323.994000</LineTotal>
  </SalesOrderDetail>
  <SalesOrderDetail>
    <SalesOrderID>71780</SalesOrderID>
    <SalesOrderDetailID>110632</SalesOrderDetailID>
    <OrderQty>2</OrderQty>
    <ProductID>993</ProductID>
    <UnitPrice>323.9940</UnitPrice>
    <LineTotal>647.988000</LineTotal>
  </SalesOrderDetail>
  <SalesOrderDetail>
    <SalesOrderID>71780</SalesOrderID>
    <SalesOrderDetailID>110633</SalesOrderDetailID>
    <OrderQty>2</OrderQty>
    <ProductID>984</ProductID>
    <UnitPrice>112.9980</UnitPrice>
    <LineTotal>135.597600</LineTotal>
  </SalesOrderDetail>
  <SalesOrderDetail>
    <SalesOrderID>71780</SalesOrderID>
    <SalesOrderDetailID>110634</SalesOrderDetailID>
    <OrderQty>3</OrderQty>
    <ProductID>986</ProductID>
    <UnitPrice>112.9980</UnitPrice>
    <LineTotal>203.396400</LineTotal>
  </SalesOrderDetail>
  <SalesOrderDetail>
    <SalesOrderID>71780</SalesOrderID>
    <SalesOrderDetailID>110635</SalesOrderDetailID>
    <OrderQty>3</OrderQty>
    <ProductID>987</ProductID>
    <UnitPrice>112.9980</UnitPrice>
    <LineTotal>203.396400</LineTotal>
  </SalesOrderDetail>
  <SalesOrderDetail>
    <SalesOrderID>71780</SalesOrderID>
    <SalesOrderDetailID>110636</SalesOrderDetailID>
    <OrderQty>2</OrderQty>
    <ProductID>981</ProductID>
    <UnitPrice>461.6940</UnitPrice>
    <LineTotal>923.388000</LineTotal>
  </SalesOrderDetail>
  <SalesOrderDetail>
    <SalesOrderID>71780</SalesOrderID>
    <SalesOrderDetailID>110637</SalesOrderDetailID>
    <OrderQty>3</OrderQty>
    <ProductID>982</ProductID>
    <UnitPrice>461.6940</UnitPrice>
    <LineTotal>1385.082000</LineTotal>
  </SalesOrderDetail>
  <SalesOrderDetail>
    <SalesOrderID>71780</SalesOrderID>
    <SalesOrderDetailID>110638</SalesOrderDetailID>
    <OrderQty>5</OrderQty>
    <ProductID>783</ProductID>
    <UnitPrice>1376.9940</UnitPrice>
    <LineTotal>6884.970000</LineTotal>
  </SalesOrderDetail>
  <SalesOrderDetail>
    <SalesOrderID>71780</SalesOrderID>
    <SalesOrderDetailID>110639</SalesOrderDetailID>
    <OrderQty>3</OrderQty>
    <ProductID>809</ProductID>
    <UnitPrice>37.1520</UnitPrice>
    <LineTotal>111.456000</LineTotal>
  </SalesOrderDetail>
  <SalesOrderDetail>
    <SalesOrderID>71780</SalesOrderID>
    <SalesOrderDetailID>110640</SalesOrderDetailID>
    <OrderQty>1</OrderQty>
    <ProductID>810</ProductID>
    <UnitPrice>72.1620</UnitPrice>
    <LineTotal>72.162000</LineTotal>
  </SalesOrderDetail>
  <SalesOrderDetail>
    <SalesOrderID>71780</SalesOrderID>
    <SalesOrderDetailID>110641</SalesOrderDetailID>
    <OrderQty>2</OrderQty>
    <ProductID>935</ProductID>
    <UnitPrice>24.2940</UnitPrice>
    <LineTotal>48.588000</LineTotal>
  </SalesOrderDetail>
  <SalesOrderDetail>
    <SalesOrderID>71780</SalesOrderID>
    <SalesOrderDetailID>110642</SalesOrderDetailID>
    <OrderQty>1</OrderQty>
    <ProductID>925</ProductID>
    <UnitPrice>149.8740</UnitPrice>
    <LineTotal>149.874000</LineTotal>
  </SalesOrderDetail>
  <SalesOrderDetail>
    <SalesOrderID>71780</SalesOrderID>
    <SalesOrderDetailID>110643</SalesOrderDetailID>
    <OrderQty>7</OrderQty>
    <ProductID>869</ProductID>
    <UnitPrice>41.9940</UnitPrice>
    <LineTotal>293.958000</LineTotal>
  </SalesOrderDetail>
  <SalesOrderDetail>
    <SalesOrderID>71780</SalesOrderID>
    <SalesOrderDetailID>110644</SalesOrderDetailID>
    <OrderQty>1</OrderQty>
    <ProductID>880</ProductID>
    <UnitPrice>32.9940</UnitPrice>
    <LineTotal>32.994000</LineTotal>
  </SalesOrderDetail>
  <SalesOrderDetail>
    <SalesOrderID>71782</SalesOrderID>
    <SalesOrderDetailID>110667</SalesOrderDetailID>
    <OrderQty>3</OrderQty>
    <ProductID>714</ProductID>
    <UnitPrice>29.9940</UnitPrice>
    <LineTotal>89.982000</LineTotal>
  </SalesOrderDetail>
  <SalesOrderDetail>
    <SalesOrderID>71782</SalesOrderID>
    <SalesOrderDetailID>110668</SalesOrderDetailID>
    <OrderQty>3</OrderQty>
    <ProductID>956</ProductID>
    <UnitPrice>1430.4420</UnitPrice>
    <LineTotal>4291.326000</LineTotal>
  </SalesOrderDetail>
  <SalesOrderDetail>
    <SalesOrderID>71782</SalesOrderID>
    <SalesOrderDetailID>110669</SalesOrderDetailID>
    <OrderQty>1</OrderQty>
    <ProductID>954</ProductID>
    <UnitPrice>1430.4420</UnitPrice>
    <LineTotal>1430.442000</LineTotal>
  </SalesOrderDetail>
  <SalesOrderDetail>
    <SalesOrderID>71782</SalesOrderID>
    <SalesOrderDetailID>110670</SalesOrderDetailID>
    <OrderQty>10</OrderQty>
    <ProductID>712</ProductID>
    <UnitPrice>5.3940</UnitPrice>
    <LineTotal>53.940000</LineTotal>
  </SalesOrderDetail>
  <SalesOrderDetail>
    <SalesOrderID>71782</SalesOrderID>
    <SalesOrderDetailID>110671</SalesOrderDetailID>
    <OrderQty>10</OrderQty>
    <ProductID>877</ProductID>
    <UnitPrice>4.7700</UnitPrice>
    <LineTotal>47.700000</LineTotal>
  </SalesOrderDetail>
  <SalesOrderDetail>
    <SalesOrderID>71782</SalesOrderID>
    <SalesOrderDetailID>110672</SalesOrderDetailID>
    <OrderQty>4</OrderQty>
    <ProductID>996</ProductID>
    <UnitPrice>72.8940</UnitPrice>
    <LineTotal>291.576000</LineTotal>
  </SalesOrderDetail>
  <SalesOrderDetail>
    <SalesOrderID>71782</SalesOrderID>
    <SalesOrderDetailID>110673</SalesOrderDetailID>
    <OrderQty>6</OrderQty>
    <ProductID>864</ProductID>
    <UnitPrice>38.1000</UnitPrice>
    <LineTotal>228.600000</LineTotal>
  </SalesOrderDetail>
  <SalesOrderDetail>
    <SalesOrderID>71782</SalesOrderID>
    <SalesOrderDetailID>110674</SalesOrderDetailID>
    <OrderQty>3</OrderQty>
    <ProductID>876</ProductID>
    <UnitPrice>72.0000</UnitPrice>
    <LineTotal>216.000000</LineTotal>
  </SalesOrderDetail>
  <SalesOrderDetail>
    <SalesOrderID>71782</SalesOrderID>
    <SalesOrderDetailID>110675</SalesOrderDetailID>
    <OrderQty>4</OrderQty>
    <ProductID>959</ProductID>
    <UnitPrice>445.4100</UnitPrice>
    <LineTotal>1781.640000</LineTotal>
  </SalesOrderDetail>
  <SalesOrderDetail>
    <SalesOrderID>71782</SalesOrderID>
    <SalesOrderDetailID>110676</SalesOrderDetailID>
    <OrderQty>4</OrderQty>
    <ProductID>971</ProductID>
    <UnitPrice>728.9100</UnitPrice>
    <LineTotal>2915.640000</LineTotal>
  </SalesOrderDetail>
  <SalesOrderDetail>
    <SalesOrderID>71782</SalesOrderID>
    <SalesOrderDetailID>110677</SalesOrderDetailID>
    <OrderQty>6</OrderQty>
    <ProductID>870</ProductID>
    <UnitPrice>2.9940</UnitPrice>
    <LineTotal>17.964000</LineTotal>
  </SalesOrderDetail>
  <SalesOrderDetail>
    <SalesOrderID>71782</SalesOrderID>
    <SalesOrderDetailID>110678</SalesOrderDetailID>
    <OrderQty>1</OrderQty>
    <ProductID>978</ProductID>
    <UnitPrice>445.4100</UnitPrice>
    <LineTotal>445.410000</LineTotal>
  </SalesOrderDetail>
  <SalesOrderDetail>
    <SalesOrderID>71782</SalesOrderID>
    <SalesOrderDetailID>110679</SalesOrderDetailID>
    <OrderQty>1</OrderQty>
    <ProductID>955</ProductID>
    <UnitPrice>1430.4420</UnitPrice>
    <LineTotal>1430.442000</LineTotal>
  </SalesOrderDetail>
  <SalesOrderDetail>
    <SalesOrderID>71782</SalesOrderID>
    <SalesOrderDetailID>110680</SalesOrderDetailID>
    <OrderQty>1</OrderQty>
    <ProductID>948</ProductID>
    <UnitPrice>63.9000</UnitPrice>
    <LineTotal>63.900000</LineTotal>
  </SalesOrderDetail>
  <SalesOrderDetail>
    <SalesOrderID>71782</SalesOrderID>
    <SalesOrderDetailID>110681</SalesOrderDetailID>
    <OrderQty>1</OrderQty>
    <ProductID>994</ProductID>
    <UnitPrice>32.3940</UnitPrice>
    <LineTotal>32.394000</LineTotal>
  </SalesOrderDetail>
  <SalesOrderDetail>
    <SalesOrderID>71782</SalesOrderID>
    <SalesOrderDetailID>110682</SalesOrderDetailID>
    <OrderQty>1</OrderQty>
    <ProductID>970</ProductID>
    <UnitPrice>728.9100</UnitPrice>
    <LineTotal>728.910000</LineTotal>
  </SalesOrderDetail>
  <SalesOrderDetail>
    <SalesOrderID>71782</SalesOrderID>
    <SalesOrderDetailID>110683</SalesOrderDetailID>
    <OrderQty>2</OrderQty>
    <ProductID>966</ProductID>
    <UnitPrice>1430.4420</UnitPrice>
    <LineTotal>2860.884000</LineTotal>
  </SalesOrderDetail>
  <SalesOrderDetail>
    <SalesOrderID>71782</SalesOrderID>
    <SalesOrderDetailID>110684</SalesOrderDetailID>
    <OrderQty>4</OrderQty>
    <ProductID>884</ProductID>
    <UnitPrice>32.3940</UnitPrice>
    <LineTotal>129.576000</LineTotal>
  </SalesOrderDetail>
  <SalesOrderDetail>
    <SalesOrderID>71782</SalesOrderID>
    <SalesOrderDetailID>110685</SalesOrderDetailID>
    <OrderQty>2</OrderQty>
    <ProductID>885</ProductID>
    <UnitPrice>602.3460</UnitPrice>
    <LineTotal>1204.692000</LineTotal>
  </SalesOrderDetail>
  <SalesOrderDetail>
    <SalesOrderID>71782</SalesOrderID>
    <SalesOrderDetailID>110686</SalesOrderDetailID>
    <OrderQty>8</OrderQty>
    <ProductID>715</ProductID>
    <UnitPrice>29.9940</UnitPrice>
    <LineTotal>239.952000</LineTotal>
  </SalesOrderDetail>
  <SalesOrderDetail>
    <SalesOrderID>71782</SalesOrderID>
    <SalesOrderDetailID>110687</SalesOrderDetailID>
    <OrderQty>3</OrderQty>
    <ProductID>894</ProductID>
    <UnitPrice>72.8760</UnitPrice>
    <LineTotal>218.628000</LineTotal>
  </SalesOrderDetail>
  <SalesOrderDetail>
    <SalesOrderID>71782</SalesOrderID>
    <SalesOrderDetailID>110688</SalesOrderDetailID>
    <OrderQty>1</OrderQty>
    <ProductID>957</ProductID>
    <UnitPrice>1430.4420</UnitPrice>
    <LineTotal>1430.442000</LineTotal>
  </SalesOrderDetail>
  <SalesOrderDetail>
    <SalesOrderID>71782</SalesOrderID>
    <SalesOrderDetailID>110689</SalesOrderDetailID>
    <OrderQty>2</OrderQty>
    <ProductID>967</ProductID>
    <UnitPrice>1430.4420</UnitPrice>
    <LineTotal>2860.884000</LineTotal>
  </SalesOrderDetail>
  <SalesOrderDetail>
    <SalesOrderID>71782</SalesOrderID>
    <SalesOrderDetailID>110690</SalesOrderDetailID>
    <OrderQty>7</OrderQty>
    <ProductID>708</ProductID>
    <UnitPrice>20.9940</UnitPrice>
    <LineTotal>146.958000</LineTotal>
  </SalesOrderDetail>
  <SalesOrderDetail>
    <SalesOrderID>71782</SalesOrderID>
    <SalesOrderDetailID>110691</SalesOrderDetailID>
    <OrderQty>3</OrderQty>
    <ProductID>961</ProductID>
    <UnitPrice>445.4100</UnitPrice>
    <LineTotal>1336.230000</LineTotal>
  </SalesOrderDetail>
  <SalesOrderDetail>
    <SalesOrderID>71782</SalesOrderID>
    <SalesOrderDetailID>110692</SalesOrderDetailID>
    <OrderQty>2</OrderQty>
    <ProductID>979</ProductID>
    <UnitPrice>445.4100</UnitPrice>
    <LineTotal>890.820000</LineTotal>
  </SalesOrderDetail>
  <SalesOrderDetail>
    <SalesOrderID>71782</SalesOrderID>
    <SalesOrderDetailID>110693</SalesOrderDetailID>
    <OrderQty>2</OrderQty>
    <ProductID>958</ProductID>
    <UnitPrice>445.4100</UnitPrice>
    <LineTotal>890.820000</LineTotal>
  </SalesOrderDetail>
  <SalesOrderDetail>
    <SalesOrderID>71782</SalesOrderID>
    <SalesOrderDetailID>110694</SalesOrderDetailID>
    <OrderQty>1</OrderQty>
    <ProductID>963</ProductID>
    <UnitPrice>445.4100</UnitPrice>
    <LineTotal>445.410000</LineTotal>
  </SalesOrderDetail>
  <SalesOrderDetail>
    <SalesOrderID>71782</SalesOrderID>
    <SalesOrderDetailID>110695</SalesOrderDetailID>
    <OrderQty>1</OrderQty>
    <ProductID>953</ProductID>
    <UnitPrice>728.9100</UnitPrice>
    <LineTotal>728.910000</LineTotal>
  </SalesOrderDetail>
  <SalesOrderDetail>
    <SalesOrderID>71782</SalesOrderID>
    <SalesOrderDetailID>110696</SalesOrderDetailID>
    <OrderQty>2</OrderQty>
    <ProductID>968</ProductID>
    <UnitPrice>1430.4420</UnitPrice>
    <LineTotal>2860.884000</LineTotal>
  </SalesOrderDetail>
  <SalesOrderDetail>
    <SalesOrderID>71782</SalesOrderID>
    <SalesOrderDetailID>110697</SalesOrderDetailID>
    <OrderQty>2</OrderQty>
    <ProductID>951</ProductID>
    <UnitPrice>242.9940</UnitPrice>
    <LineTotal>485.988000</LineTotal>
  </SalesOrderDetail>
  <SalesOrderDetail>
    <SalesOrderID>71782</SalesOrderID>
    <SalesOrderDetailID>110698</SalesOrderDetailID>
    <OrderQty>2</OrderQty>
    <ProductID>945</ProductID>
    <UnitPrice>54.8940</UnitPrice>
    <LineTotal>109.788000</LineTotal>
  </SalesOrderDetail>
  <SalesOrderDetail>
    <SalesOrderID>71782</SalesOrderID>
    <SalesOrderDetailID>110699</SalesOrderDetailID>
    <OrderQty>1</OrderQty>
    <ProductID>916</ProductID>
    <UnitPrice>31.5840</UnitPrice>
    <LineTotal>31.584000</LineTotal>
  </SalesOrderDetail>
  <SalesOrderDetail>
    <SalesOrderID>71782</SalesOrderID>
    <SalesOrderDetailID>110700</SalesOrderDetailID>
    <OrderQty>1</OrderQty>
    <ProductID>886</ProductID>
    <UnitPrice>200.0520</UnitPrice>
    <LineTotal>200.052000</LineTotal>
  </SalesOrderDetail>
  <SalesOrderDetail>
    <SalesOrderID>71782</SalesOrderID>
    <SalesOrderDetailID>110701</SalesOrderDetailID>
    <OrderQty>1</OrderQty>
    <ProductID>892</ProductID>
    <UnitPrice>602.3460</UnitPrice>
    <LineTotal>602.346000</LineTotal>
  </SalesOrderDetail>
  <SalesOrderDetail>
    <SalesOrderID>71782</SalesOrderID>
    <SalesOrderDetailID>110702</SalesOrderDetailID>
    <OrderQty>1</OrderQty>
    <ProductID>893</ProductID>
    <UnitPrice>602.3460</UnitPrice>
    <LineTotal>602.346000</LineTotal>
  </SalesOrderDetail>
  <SalesOrderDetail>
    <SalesOrderID>71782</SalesOrderID>
    <SalesOrderDetailID>110703</SalesOrderDetailID>
    <OrderQty>6</OrderQty>
    <ProductID>881</ProductID>
    <UnitPrice>32.3940</UnitPrice>
    <LineTotal>194.364000</LineTotal>
  </SalesOrderDetail>
  <SalesOrderDetail>
    <SalesOrderID>71782</SalesOrderID>
    <SalesOrderDetailID>110704</SalesOrderDetailID>
    <OrderQty>4</OrderQty>
    <ProductID>883</ProductID>
    <UnitPrice>32.3940</UnitPrice>
    <LineTotal>129.576000</LineTotal>
  </SalesOrderDetail>
  <SalesOrderDetail>
    <SalesOrderID>71782</SalesOrderID>
    <SalesOrderDetailID>110705</SalesOrderDetailID>
    <OrderQty>1</OrderQty>
    <ProductID>859</ProductID>
    <UnitPrice>14.6940</UnitPrice>
    <LineTotal>14.694000</LineTotal>
  </SalesOrderDetail>
  <SalesOrderDetail>
    <SalesOrderID>71782</SalesOrderID>
    <SalesOrderDetailID>110706</SalesOrderDetailID>
    <OrderQty>4</OrderQty>
    <ProductID>865</ProductID>
    <UnitPrice>38.1000</UnitPrice>
    <LineTotal>152.400000</LineTotal>
  </SalesOrderDetail>
  <SalesOrderDetail>
    <SalesOrderID>71782</SalesOrderID>
    <SalesOrderDetailID>110707</SalesOrderDetailID>
    <OrderQty>9</OrderQty>
    <ProductID>880</ProductID>
    <UnitPrice>32.9940</UnitPrice>
    <LineTotal>296.946000</LineTotal>
  </SalesOrderDetail>
  <SalesOrderDetail>
    <SalesOrderID>71782</SalesOrderID>
    <SalesOrderDetailID>110708</SalesOrderDetailID>
    <OrderQty>6</OrderQty>
    <ProductID>711</ProductID>
    <UnitPrice>20.9940</UnitPrice>
    <LineTotal>125.964000</LineTotal>
  </SalesOrderDetail>
  <SalesOrderDetail>
    <SalesOrderID>71782</SalesOrderID>
    <SalesOrderDetailID>110709</SalesOrderDetailID>
    <OrderQty>3</OrderQty>
    <ProductID>707</ProductID>
    <UnitPrice>20.9940</UnitPrice>
    <LineTotal>62.982000</LineTotal>
  </SalesOrderDetail>
  <SalesOrderDetail>
    <SalesOrderID>71783</SalesOrderID>
    <SalesOrderDetailID>110710</SalesOrderDetailID>
    <OrderQty>4</OrderQty>
    <ProductID>738</ProductID>
    <UnitPrice>202.3320</UnitPrice>
    <LineTotal>809.328000</LineTotal>
  </SalesOrderDetail>
  <SalesOrderDetail>
    <SalesOrderID>71783</SalesOrderID>
    <SalesOrderDetailID>110711</SalesOrderDetailID>
    <OrderQty>6</OrderQty>
    <ProductID>939</ProductID>
    <UnitPrice>37.2540</UnitPrice>
    <LineTotal>223.524000</LineTotal>
  </SalesOrderDetail>
  <SalesOrderDetail>
    <SalesOrderID>71783</SalesOrderID>
    <SalesOrderDetailID>110712</SalesOrderDetailID>
    <OrderQty>3</OrderQty>
    <ProductID>793</ProductID>
    <UnitPrice>1466.0100</UnitPrice>
    <LineTotal>4398.030000</LineTotal>
  </SalesOrderDetail>
  <SalesOrderDetail>
    <SalesOrderID>71783</SalesOrderID>
    <SalesOrderDetailID>110713</SalesOrderDetailID>
    <OrderQty>4</OrderQty>
    <ProductID>977</ProductID>
    <UnitPrice>323.9940</UnitPrice>
    <LineTotal>1295.976000</LineTotal>
  </SalesOrderDetail>
  <SalesOrderDetail>
    <SalesOrderID>71783</SalesOrderID>
    <SalesOrderDetailID>110714</SalesOrderDetailID>
    <OrderQty>9</OrderQty>
    <ProductID>880</ProductID>
    <UnitPrice>32.9940</UnitPrice>
    <LineTotal>296.946000</LineTotal>
  </SalesOrderDetail>
</SalesOrderDetails>